temp_c,corner,iptat_a,vgmir_v
-40,tt,4.73295e-07,nan
-20,tt,5.1972e-07,nan
0,tt,5.65033e-07,nan
20,tt,6.09579e-07,nan
27,tt,6.25068e-07,nan
40,tt,6.5379e-07,nan
60,tt,6.98136e-07,nan
80,tt,7.43142e-07,nan
100,tt,7.89399e-07,nan
125,tt,8.50002e-07,nan
-40,ss,4.78439e-07,nan
-20,ss,5.25128e-07,nan
0,ss,5.70562e-07,nan
20,ss,6.15102e-07,nan
27,ss,6.30555e-07,nan
40,ss,6.59166e-07,nan
60,ss,7.03225e-07,nan
80,ss,7.47801e-07,nan
100,ss,7.93475e-07,nan
125,ss,8.53115e-07,nan
-40,ff,4.67964e-07,nan
-20,ff,5.13778e-07,nan
0,ff,5.58573e-07,nan
20,ff,6.02723e-07,nan
27,ff,6.18102e-07,nan
40,ff,6.46662e-07,nan
60,ff,6.90881e-07,nan
80,ff,7.35934e-07,nan
100,ff,7.82438e-07,nan
125,ff,8.43693e-07,nan
